United Kingdom + Scotland,,,,
Bachelors,Masters,PhD,,
1 .Matric Trancript ,1 .Matric Trancript ,1 .Matric Trancript ,,
2. Matric Certificate,2. Matric Certificate,2. Matric Certificate,,
3. Intermediate Transcript,3. Intermediate Transcript,3. Intermediate Transcript,,
4. Intermediate Certificate,4. Intermediate Certificate,4. Intermediate Certificate,,
5. Passport,5. Bachelor's Transcript,5. Bachelor's Transcript,,
6. ID Card,6. Bachelor's Certificate,6. Bachelor's Certificate,,
7. CV,7. Passport,7. Master's Transcript,,
8. Recommendation Letters (2),8. ID Card,8. Master's Certificate,,
"9. English Language Test/
MOI or Proficiency Certificate",9. CV,9. Passport,,
"10.  Statement of Purpose/
Motivational Letter",10. Recommendation Letters (2),10. ID Card,,
11. Passport size Photograph,"11. English Language Test/
MOI or Proficiency Certificate",11. CV,,
12.  Police Character Certificate,"12.  Statement of Purpose/
Motivational Letter",12. Recommendation Letters (2),,
13. TB Test,13. Passport size Photograph,"13. English Language Test/
MOI or Proficiency Certificate",,
14. Health insurance ,14.  Police Character Certificate,"14.  Statement of Purpose/
Motivational Letter",,
"15.Parent Consent if student’s age 
is less than 18",15. TB Test,15. Passport size Photograph,,
"16. ATAS Certificate 
(For some fields related to Physics,
 Computer science, Engineering)",16. Health insurance ,16.  Police Character Certificate,,
17. Experience Letter to Cover Gap,"17.Parent Consent if student’s age 
is less than 18",17. TB Test,,
,"18. ATAS Certificate 
(For some fields related to Physics,
 Computer science, Engineering)",18. Health insurance ,,
,19. Experience Letter to Cover Gap,"19.Parent Consent if student’s age 
is less than 18",,
,,"20. ATAS Certificate 
(For some fields related to Physics,
 Computer science, Engineering)",,
,,21. Experience Letter to Cover Gap,,
,,"22. Publication if Availabale 
(For Plus Points)",,
,,23. Supervisor Acceptance Letter ,,
,,,,
China ,,,,
,,,,
Bachelors,Masters,PhD,,
1 .Matric Trancript ,1 .Matric Trancript ,1 .Matric Trancript ,,
2. Matric Certificate,2. Matric Certificate,2. Matric Certificate,,
3. Intermediate Transcript,3. Intermediate Transcript,3. Intermediate Transcript,,
4. Intermediate Certificate,4. Intermediate Certificate,4. Intermediate Certificate,,
5. Passport,5. Bachelor's Transcript,5. Bachelor's Transcript,,
6. ID Card,6. Bachelor's Certificate,6. Bachelor's Certificate,,
7. CV,7. Passport,7. Master's Transcript,,
"8.  Passport size Photograph 
(With White Background)",8. ID Card,8. Master's Certificate,,
"9. English Language Test/
MOI or Proficiency Certificate",9. CV,9. Passport,,
"10.  Statement of Purpose/
Motivational Letter","10.  Passport size Photograph 
(With White Background)",10. ID Card,,
11. Study Plan ,"11. English Language Test/
MOI or Proficiency Certificate",11. CV,,
12. Recommendation Letters (2),"12.  Statement of Purpose/
Motivational Letter","12.  Passport size Photograph 
(With White Background)",,
13. Physical Examination Form,13. Study Plan + Research Proposal,"13. English Language Test/
MOI or Proficiency Certificate/
HSK Level 4",,
"14.	Health Insurance 
",14. Recommendation Letters (2),"14.  Statement of Purpose/
Motivational Letter",,
15. Police Character Certificate,15. Physical Examination Form,15. Study Plan + Research Proposal,,
16. Experience Letter to Cover Gap,"16.	Health Insurance 
",16. Recommendation Letters (2),,
,17. Police Character Certificate,17. Physical Examination Form,,
,18. Experience Letter to Cover Gap,"18.	Health Insurance 
",,
,,19. Police Character Certificate,,
,,20. Experience Letter to Cover Gap,,
,,21. Supervisor Acceptance Letter ,,
,,"22. Publications if Available
(For Plus Points)",,
,,,,
"Romania, Lithuania, Hungary, Sweden , Germany",,,,
,,,,
Bachelors,Masters,PhD,,
1 .Matric Trancript ,1 .Matric Trancript ,1 .Matric Trancript ,,
2. Matric Certificate,2. Matric Certificate,2. Matric Certificate,,
3. Intermediate Transcript,3. Intermediate Transcript,3. Intermediate Transcript,,
4. Intermediate Certificate,4. Intermediate Certificate,4. Intermediate Certificate,,
5. Passport,5. Bachelor's Transcript,5. Bachelor's Transcript,,
6. ID Card,6. Bachelor's Certificate,6. Bachelor's Certificate,,
7. CV (Europass),7. Passport,7. Master's Transcript,,
"8. Passport size Photograph
(With White Background)",8. ID Card,8. Master's Certificate,,
9. Bith Certificate + B-From,9. CV (Europass),9. Passport,,
10. Recommendation Letters (2),"10. Passport size Photograph
(With White Background)",10. ID Card,,
11. English Language Test/ MOI,11. Bith Certificate + B-From,11. CV (Europass),,
"12. Statement of purpose/ 
Motivational Letter ",12. Recommendation Letters (2),"12. Passport size Photograph
(With White Background)",,
13. Police Character Certificate ,13. English Language Test/ MOI,13. Bith Certificate + B-From,,
14. Medical,"14. Statement of purpose/ 
Motivational Letter ",14. Recommendation Letters (2),,
15. Health insurance ,15. Police Character Certificate ,15. English Language Test/ MOI,,
16. Experience Letter to Cover Gap,16. Medical,"16. Statement of purpose/ 
Motivational Letter ",,
,17. Health insurance ,17. Police Character Certificate ,,
,18. Experience Letter to Cover Gap,18. Medical,,
,"19. Research Proposal
(For Master by Research)",19. Health insurance ,,
,,20. Experience Letter to Cover Gap,,
,,"21. Research Proposal
(Detailed)",,
,,22. Supervisor Acceptance Letter,,
,,"23. Publications if Available
(For Plus Points)",,
,,,,
Italy,,,,
,,,,
Bachelors,Masters,PhD,,
1 .Matric Trancript ,1 .Matric Trancript ,1 .Matric Trancript ,,
2. Matric Certificate,2. Matric Certificate,2. Matric Certificate,,
3. Intermediate Transcript,3. Intermediate Transcript,3. Intermediate Transcript,,
4. Intermediate Certificate,4. Intermediate Certificate,4. Intermediate Certificate,,
5. Passport,5. Bachelor's Transcript,5. Bachelor's Transcript,,
6. ID Card,6. Bachelor's Certificate,6. Bachelor's Certificate,,
7. CV (Europass),7. Passport,7. Master's Transcript,,
"8. Passport size Photograph
(With White Background)",8. ID Card,8. Master's Certificate,,
9. Bith Certificate + B-From,9. CV (Europass),9. Passport,,
10. FRC (Family Registration Certificate),"10. Passport size Photograph
(With White Background)",10. ID Card,,
11. Affidavit,11. Bith Certificate + B-From,11. CV (Europass),,
12. Recommendation Letters (2),12. FRC (Family Registration Certificate),"12. Passport size Photograph
(With White Background)",,
13. English Language Test/ MOI,13. Affidavit,13. Bith Certificate + B-From,,
"14. Statement of purpose/ 
Motivational Letter ",14. Recommendation Letters (2),14. FRC (Family Registration Certificate),,
15. Police Character Certificate ,15. English Language Test/ MOI,15. Affidavit,,
16. Medical,"16. Statement of purpose/ 
Motivational Letter ",16. Recommendation Letters (2),,
17. Health insurance ,17. Police Character Certificate ,17. English Language Test/ MOI,,
18. Experience Letter to Cover Gap,18. Medical,"18. Statement of purpose/ 
Motivational Letter ",,
,19. Health insurance ,19. Police Character Certificate ,,
,20. Experience Letter to Cover Gap,20. Medical,,
,,21. Health insurance ,,
,,22. Experience Letter to Cover Gap,,
,,"23. Research Proposal
(Detailed)",,
,,24. Supervisor Acceptance Letter,,
,,"25. Publications if Available
(For Plus Points)",,
,,,,
Cyprus,,,,
,,,,
Bachelors,Masters,PhD,,
1 .Matric Trancript ,1 .Matric Trancript ,1 .Matric Trancript ,,
2. Matric Certificate,2. Matric Certificate,2. Matric Certificate,,
3. Intermediate Transcript,3. Intermediate Transcript,3. Intermediate Transcript,,
4. Intermediate Certificate,4. Intermediate Certificate,4. Intermediate Certificate,,
5. Passport,5. Bachelor's Transcript,5. Bachelor's Transcript,,
6. ID Card,6. Bachelor's Certificate,6. Bachelor's Certificate,,
7. CV (Europass),7. Passport,7. Master's Transcript,,
8. Recommendation Letters (2),8. ID Card,8. Master's Certificate,,
"9. English Language Test
(IELTS with 5.5 no less than 5.0)",9. CV (Europass),9. Passport,,
10. Birth Certificate +B-Form,10. Recommendation Letters (2),10. ID Card,,
"11. Passport size Photograph
(With White Background)","11. English Language Test
(IELTS with 5.5 no less than 5.0)",11. CV (Europass),,
12. Recommendation Letters (2),12. Birth Certificate +B-Form,12. Recommendation Letters (2),,
13. English Language Test/ MOI,"13. Passport size Photograph
(With White Background)","13. English Language Test
(IELTS with 6.0-6.5 )",,
"14. Statement of purpose/ 
Motivational Letter ",14. Recommendation Letters (2),14. Birth Certificate +B-Form,,
15. Police Character Certificate ,15. English Language Test/ MOI,"15. Passport size Photograph
(With White Background)",,
16. Medical,"16. Statement of purpose/ 
Motivational Letter ",16. Recommendation Letters (2),,
17. Health insurance ,17. Police Character Certificate ,17. English Language Test/ MOI,,
18. Experience Letter to Cover Gap,18. Medical,"18. Statement of purpose/ 
Motivational Letter ",,
,19. Health insurance ,19. Police Character Certificate ,,
,20. Experience Letter to Cover Gap,20. Medical,,
,"21. Research Proposal
(For Master by Research)",21. Health insurance ,,
,,22. Experience Letter to Cover Gap,,
,,"23. Research Proposal
(Detailed)",,
,,24. Supervisor Acceptance Letter,,
,,"25. Publications if Available
(For Plus Points)",,
